{
  "losses": [
    16.389837003435407,
    13.885444957188197,
    12.534000309535434,
    11.03777224949428,
    9.903914119175502,
    9.05542399270194,
    8.160402398790632,
    7.293479769570487,
    6.707997403826032,
    6.0322812679835724,
    5.424981799806868,
    4.995833726610456,
    4.500634544917515,
    4.040714075905936,
    3.7552442223685127,
    3.4646127332959855,
    3.1247300597599574,
    2.9356249250684465,
    2.674883327484131,
    2.5311322355270387,
    2.2700782987049646,
    2.114551236288888,
    1.981130803312574,
    1.8105204916000366,
    1.7093670909745353,
    1.6076890288080488,
    1.4838827429498944,
    1.4589067227499826,
    1.309106707232339,
    1.2251301169395448,
    1.1624568363598415,
    1.091200247662408,
    1.0336687060764858,
    0.9713799185412271,
    0.9099504397596632,
    0.8667417590958731,
    0.8324246733529227,
    0.7928106156417302,
    0.7410417009251459,
    0.686076791541917,
    0.6605178669520787,
    0.6244042142799923,
    0.608946665269988,
    0.5727206064122063,
    0.560444461447852,
    0.5492344112055643,
    0.4999515072788511,
    0.5040042293923241,
    0.46448864536626,
    0.44409741193056107
  ],
  "metrics": {
    "both": {
      "optimistic": {
        "adjusted_arithmetic_mean_rank": 0.7758776122631152,
        "adjusted_arithmetic_mean_rank_index": 0.22414338420556568,
        "adjusted_geometric_mean_rank_index": 0.589428303724788,
        "adjusted_hits_at_k": 0.06784545124261253,
        "adjusted_inverse_harmonic_mean_rank": 0.0627505167136572,
        "arithmetic_mean_rank": 8282.718222043442,
        "count": 9944.0,
        "geometric_mean_rank": 3225.196655074222,
        "harmonic_mean_rank": 15.819337162075863,
        "hits_at_1": 0.05953338696701529,
        "hits_at_10": 0.06828238133547868,
        "hits_at_3": 0.06486323411102173,
        "hits_at_5": 0.06657280772325021,
        "inverse_arithmetic_mean_rank": 0.00012073331160036595,
        "inverse_geometric_mean_rank": 0.0003100586125272993,
        "inverse_harmonic_mean_rank": 0.0632137737349279,
        "inverse_median_rank": 0.00013757996835660728,
        "median_absolute_deviation": 7786.626851591422,
        "median_rank": 7268.5,
        "standard_deviation": 6313.526257038643,
        "variance": 39860613.79831638,
        "z_arithmetic_mean_rank": 38.7000637580135,
        "z_geometric_mean_rank": 58.854726811906616,
        "z_hits_at_k": 312.41908331911594,
        "z_inverse_harmonic_mean_rank": 713.4157611788104
      },
      "pessimistic": {
        "adjusted_arithmetic_mean_rank": 0.7758776593640171,
        "adjusted_arithmetic_mean_rank_index": 0.22414333710025136,
        "adjusted_geometric_mean_rank_index": 0.589428268771419,
        "adjusted_hits_at_k": 0.06784545124261253,
        "adjusted_inverse_harmonic_mean_rank": 0.0627505166899159,
        "arithmetic_mean_rank": 8282.71872485921,
        "count": 9944.0,
        "geometric_mean_rank": 3225.196929561081,
        "harmonic_mean_rank": 15.819337168014222,
        "hits_at_1": 0.05953338696701529,
        "hits_at_10": 0.06828238133547868,
        "hits_at_3": 0.06486323411102173,
        "hits_at_5": 0.06657280772325021,
        "inverse_arithmetic_mean_rank": 0.000120733304271056,
        "inverse_geometric_mean_rank": 0.0003100585861391387,
        "inverse_harmonic_mean_rank": 0.06321377371119832,
        "inverse_median_rank": 0.00013757996835660728,
        "median_absolute_deviation": 7786.626851591422,
        "median_rank": 7268.5,
        "standard_deviation": 6313.526530620052,
        "variance": 39860617.25284327,
        "z_arithmetic_mean_rank": 38.70005562492193,
        "z_geometric_mean_rank": 58.854723321794296,
        "z_hits_at_k": 312.41908331911594,
        "z_inverse_harmonic_mean_rank": 713.4157609088935
      },
      "realistic": {
        "adjusted_arithmetic_mean_rank": 0.7758776617190623,
        "adjusted_arithmetic_mean_rank_index": 0.2241433347449856,
        "adjusted_geometric_mean_rank_index": 0.5894285368673401,
        "adjusted_hits_at_k": 0.06784545124261253,
        "adjusted_inverse_harmonic_mean_rank": 0.06275050859590221,
        "arithmetic_mean_rank": 8282.71875,
        "count": 9944.0,
        "geometric_mean_rank": 3225.19482421875,
        "harmonic_mean_rank": 15.819339192551796,
        "hits_at_1": 0.05953338696701529,
        "hits_at_10": 0.06828238133547868,
        "hits_at_3": 0.06486323411102173,
        "hits_at_5": 0.06657280772325021,
        "inverse_arithmetic_mean_rank": 0.0001207333043566905,
        "inverse_geometric_mean_rank": 0.0003100587928202003,
        "inverse_harmonic_mean_rank": 0.0632137656211853,
        "inverse_median_rank": 0.00013757996202912182,
        "median_absolute_deviation": 7786.626851591422,
        "median_rank": 7268.5,
        "standard_deviation": 6313.5263671875,
        "variance": 39860616.0,
        "z_arithmetic_mean_rank": 38.70005521826735,
        "z_geometric_mean_rank": 58.854750091313335,
        "z_hits_at_k": 312.41908331911594,
        "z_inverse_harmonic_mean_rank": 713.4156688873895
      }
    },
    "head": {
      "optimistic": {
        "adjusted_arithmetic_mean_rank": 0.7731460430483921,
        "adjusted_arithmetic_mean_rank_index": 0.2268753083627122,
        "adjusted_geometric_mean_rank_index": 0.5916381641726566,
        "adjusted_hits_at_k": 0.06754128781021791,
        "adjusted_inverse_harmonic_mean_rank": 0.06260311091086966,
        "arithmetic_mean_rank": 8215.276548672566,
        "count": 4972.0,
        "geometric_mean_rank": 3192.1056950225097,
        "harmonic_mean_rank": 15.855735349094573,
        "hits_at_1": 0.05933226065969429,
        "hits_at_10": 0.06798069187449718,
        "hits_at_3": 0.06496379726468222,
        "hits_at_5": 0.06637168141592921,
        "inverse_arithmetic_mean_rank": 0.00012172444762819107,
        "inverse_geometric_mean_rank": 0.0003132728347809136,
        "inverse_harmonic_mean_rank": 0.06306866114898317,
        "inverse_median_rank": 0.0001392272885485555,
        "median_absolute_deviation": 7729.546666178956,
        "median_rank": 7182.5,
        "standard_deviation": 6286.543435321875,
        "variance": 39520628.36418857,
        "z_arithmetic_mean_rank": 27.690446736665578,
        "z_geometric_mean_rank": 41.77595755430083,
        "z_hits_at_k": 219.3388088251,
        "z_inverse_harmonic_mean_rank": 501.94192227341586
      },
      "pessimistic": {
        "adjusted_arithmetic_mean_rank": 0.7731460619765448,
        "adjusted_arithmetic_mean_rank_index": 0.2268752894327779,
        "adjusted_geometric_mean_rank_index": 0.5916381603052123,
        "adjusted_hits_at_k": 0.06754128781021791,
        "adjusted_inverse_harmonic_mean_rank": 0.06260311091042377,
        "arithmetic_mean_rank": 8215.276749798873,
        "count": 4972.0,
        "geometric_mean_rank": 3192.1057252442943,
        "harmonic_mean_rank": 15.855735349206617,
        "hits_at_1": 0.05933226065969429,
        "hits_at_10": 0.06798069187449718,
        "hits_at_3": 0.06496379726468222,
        "hits_at_5": 0.06637168141592921,
        "inverse_arithmetic_mean_rank": 0.00012172444464813458,
        "inverse_geometric_mean_rank": 0.0003132728318149516,
        "inverse_harmonic_mean_rank": 0.0630686611485375,
        "inverse_median_rank": 0.0001392272885485555,
        "median_absolute_deviation": 7729.546666178956,
        "median_rank": 7182.5,
        "standard_deviation": 6286.543852135725,
        "variance": 39520633.604825474,
        "z_arithmetic_mean_rank": 27.690444426240788,
        "z_geometric_mean_rank": 41.77595728121806,
        "z_hits_at_k": 219.3388088251,
        "z_inverse_harmonic_mean_rank": 501.94192226984075
      },
      "realistic": {
        "adjusted_arithmetic_mean_rank": 0.7731460259686919,
        "adjusted_arithmetic_mean_rank_index": 0.2268753254440199,
        "adjusted_geometric_mean_rank_index": 0.5916379119471136,