{
  "losses": [
    0.9173679716246469,
    0.43988301924296785,
    0.22303359534059253,
    0.1262808899794306,
    0.08091483908040183,
    0.05935623305184501,
    0.043325052516801014,
    0.03539139141395156,
    0.0294437127666814,
    0.023390610718301365,
    0.022558927551976273,
    0.019587276514087405,
    0.01917458499116557,
    0.017772704916340965,
    0.01666864640478577,
    0.016671033480337688,
    0.015414146069171174,
    0.01729564354355846,
    0.013853945968938726,
    0.015743345841765403,
    0.013252233995922975,
    0.013883582231189523,
    0.014473778690610613,
    0.01351469524204731,
    0.014544582531920501,
    0.01468356334737369,
    0.014557425060442516,
    0.015803211938057626,
    0.016093986630439757,
    0.01315964739503605,
    0.013137649446725845,
    0.013393042013049125,
    0.011642458375011171,
    0.013331836100135531,
    0.013460925221443177,
    0.013687633321221386,
    0.013051576257816383,
    0.012587972544133663,
    0.014531578128226101,
    0.013859589985139403,
    0.013748121580907277,
    0.011376855075359344,
    0.014371708248342786,
    0.0140909779949912,
    0.013139974453619549,
    0.013999385258981159,
    0.012100455587995903,
    0.014186912221567972,
    0.012752454142485346,
    0.012236068738358362
  ],
  "metrics": {
    "both": {
      "optimistic": {
        "adjusted_arithmetic_mean_rank": 0.05967717230301177,
        "adjusted_arithmetic_mean_rank_index": 0.9404109200067351,
        "adjusted_geometric_mean_rank_index": 0.9973022268834721,
        "adjusted_hits_at_k": 0.449259147339672,
        "adjusted_inverse_harmonic_mean_rank": 0.26116157795807354,
        "arithmetic_mean_rank": 637.0710981496379,
        "count": 9944.0,
        "geometric_mean_rank": 22.18546197258654,
        "harmonic_mean_rank": 3.8237004042840717,
        "hits_at_1": 0.15335880933226065,
        "hits_at_10": 0.4495172968624296,
        "hits_at_3": 0.3169750603378922,
        "hits_at_5": 0.37037409493161705,
        "inverse_arithmetic_mean_rank": 0.0015696835139821644,
        "inverse_geometric_mean_rank": 0.04507456284821338,
        "inverse_harmonic_mean_rank": 0.26152676576846884,
        "inverse_median_rank": 0.06666666666666667,
        "median_absolute_deviation": 20.756431059078427,
        "median_rank": 15.0,
        "standard_deviation": 2372.9215560265093,
        "variance": 5630756.71105527,
        "z_arithmetic_mean_rank": 162.36911337795843,
        "z_geometric_mean_rank": 99.5811530277969,
        "z_hits_at_k": 2068.7773227814,
        "z_inverse_harmonic_mean_rank": 2969.1673580923325
      },
      "pessimistic": {
        "adjusted_arithmetic_mean_rank": 0.05967723824427432,
        "adjusted_arithmetic_mean_rank_index": 0.940410854059295,
        "adjusted_geometric_mean_rank_index": 0.9973022258914028,
        "adjusted_hits_at_k": 0.449259147339672,
        "adjusted_inverse_harmonic_mean_rank": 0.2611615774755701,
        "arithmetic_mean_rank": 637.0718020917136,
        "count": 9944.0,
        "geometric_mean_rank": 22.185469763251234,
        "harmonic_mean_rank": 3.8237004113351154,
        "hits_at_1": 0.15335880933226065,
        "hits_at_10": 0.4495172968624296,
        "hits_at_3": 0.3169750603378922,
        "hits_at_5": 0.37037409493161705,
        "inverse_arithmetic_mean_rank": 0.0015696817795367419,
        "inverse_geometric_mean_rank": 0.04507454701979915,
        "inverse_harmonic_mean_rank": 0.2615267652862039,
        "inverse_median_rank": 0.06666666666666667,
        "median_absolute_deviation": 20.756431059078427,
        "median_rank": 15.0,
        "standard_deviation": 2372.9236424939445,
        "variance": 5630766.6131067285,
        "z_arithmetic_mean_rank": 162.36910199163023,
        "z_geometric_mean_rank": 99.58115292873826,
        "z_hits_at_k": 2068.7773227814,
        "z_inverse_harmonic_mean_rank": 2969.1673526067116
      },
      "realistic": {
        "adjusted_arithmetic_mean_rank": 0.0596772073389072,
        "adjusted_arithmetic_mean_rank_index": 0.9404108849675574,
        "adjusted_geometric_mean_rank_index": 0.9973022270016794,
        "adjusted_hits_at_k": 0.449259147339672,
        "adjusted_inverse_harmonic_mean_rank": 0.26116160544469147,
        "arithmetic_mean_rank": 637.0714721679688,
        "count": 9944.0,
        "geometric_mean_rank": 22.185461044311523,
        "harmonic_mean_rank": 3.8237000026095727,
        "hits_at_1": 0.15335880933226065,
        "hits_at_10": 0.4495172968624296,
        "hits_at_3": 0.3169750603378922,
        "hits_at_5": 0.37037409493161705,
        "inverse_arithmetic_mean_rank": 0.0015696826158091426,
        "inverse_geometric_mean_rank": 0.04507456347346306,
        "inverse_harmonic_mean_rank": 0.26152679324150085,
        "inverse_median_rank": 0.06666667014360428,
        "median_absolute_deviation": 20.756431059078427,
        "median_rank": 15.0,
        "standard_deviation": 2372.922607421875,
        "variance": 5630761.5,
        "z_arithmetic_mean_rank": 162.36910732817734,
        "z_geometric_mean_rank": 99.58115303959995,
        "z_hits_at_k": 2068.7773227814,
        "z_inverse_harmonic_mean_rank": 2969.1676705899417
      }
    },
    "head": {
      "optimistic": {
        "adjusted_arithmetic_mean_rank": 0.08544671599627171,
        "adjusted_arithmetic_mean_rank_index": 0.914639361422901,
        "adjusted_geometric_mean_rank_index": 0.9972022468631339,
        "adjusted_hits_at_k": 0.4540870767866036,
        "adjusted_inverse_harmonic_mean_rank": 0.27195627578869935,
        "arithmetic_mean_rank": 907.9376508447305,
        "count": 4972.0,
        "geometric_mean_rank": 22.862782427335926,
        "harmonic_mean_rank": 3.6721793692332687,
        "hits_at_1": 0.16432019308125503,
        "hits_at_10": 0.45434432823813353,
        "hits_at_3": 0.33185840707964603,
        "hits_at_5": 0.3813354786806114,
        "inverse_arithmetic_mean_rank": 0.0011013972149625211,
        "inverse_geometric_mean_rank": 0.043739208172857744,
        "inverse_harmonic_mean_rank": 0.27231785254781676,
        "inverse_median_rank": 0.06666666666666667,
        "median_absolute_deviation": 20.756431059078427,
        "median_rank": 15.0,
        "standard_deviation": 3042.149569788136,
        "variance": 9254674.00496214,
        "z_arithmetic_mean_rank": 111.63300538747042,
        "z_geometric_mean_rank": 70.41310256964832,
        "z_hits_at_k": 1474.6375403013508,
        "z_inverse_harmonic_mean_rank": 2180.502755494817
      },
      "pessimistic": {
        "adjusted_arithmetic_mean_rank": 0.08544679170888235,
        "adjusted_arithmetic_mean_rank_index": 0.9146392857031644,
        "adjusted_geometric_mean_rank_index": 0.9972022463284915,
        "adjusted_hits_at_k": 0.4540870767866036,
        "adjusted_inverse_harmonic_mean_rank": 0.27195627569353187,
        "arithmetic_mean_rank": 907.9384553499598,
        "count": 4972.0,
        "geometric_mean_rank": 22.86278660524876,
        "harmonic_mean_rank": 3.672179370515955,
        "hits_at_1": 0.16432019308125503,
        "hits_at_10": 0.45434432823813353,
        "hits_at_3": 0.33185840707964603,
        "hits_at_5": 0.3813354786806114,
        "inverse_arithmetic_mean_rank": 0.001101396239037541,
        "inverse_geometric_mean_rank": 0.043739200180017576,
        "inverse_harmonic_mean_rank": 0.2723178524526966,
        "inverse_median_rank": 0.06666666666666667,
        "median_absolute_deviation": 20.756431059078427,
        "median_rank": 15.0,
        "standard_deviation": 3042.152232050543,
        "variance": 9254690.2029701,
        "z_arithmetic_mean_rank": 111.63299614577132,
        "z_geometric_mean_rank": 70.41310253189687,
        "z_hits_at_k": 1474.6375403013508,
        "z_inverse_harmonic_mean_rank": 2180.5027547317795
      },
      "realistic": {
        "adjusted_arithmetic_mean_rank": 0.08544675349674995,
        "adjusted_arithmetic_mean_rank_index": 0.9146393239188932,