{
  "TransE": {
    "MRR": 0.26152679324150085,
    "Hits@1": 0.15335880933226065,
    "Hits@3": 0.3169750603378922,
    "Hits@10": 0.4495172968624296
  },
  "ComplEx": {
    "MRR": 0.0632137656211853,
    "Hits@1": 0.05953338696701529,
    "Hits@3": 0.06486323411102173,
    "Hits@10": 0.06828238133547868
  }
}